{
    "loss": 4.22634220123291,
    "accuracy": 0.6666666865348816
}